{
	"credit": "Made with Blockbench",
	"texture_size": [32, 32],
	"elements": [
		{
			"name": "glass_outer",
			"from": [0, 1, 0],
			"to": [16, 15, 16],
			"color": 3,
			"faces": {
				"north": {"uv": [0, 0, 8, 7], "texture": "#missing"},
				"east": {"uv": [0, 0, 8, 7], "texture": "#missing"},
				"south": {"uv": [0, 0, 8, 7], "texture": "#missing"},
				"west": {"uv": [0, 0, 8, 7], "texture": "#missing"},
				"up": {"uv": [0, 0, 8, 8], "texture": "#missing"},
				"down": {"uv": [0, 0, 8, 8], "texture": "#missing"}
			}
		},
		{
			"name": "glass_bottom",
			"from": [1, 0, 1],
			"to": [15, 1, 15],
			"color": 3,
			"faces": {
				"north": {"uv": [0, 0, 7, 0.5], "texture": "#missing"},
				"east": {"uv": [0, 0, 7, 0.5], "texture": "#missing"},
				"south": {"uv": [0, 0, 7, 0.5], "texture": "#missing"},
				"west": {"uv": [0, 0, 7, 0.5], "texture": "#missing"},
				"up": {"uv": [0, 0, 7, 7], "texture": "#missing"},
				"down": {"uv": [0, 0, 7, 7], "texture": "#missing"}
			}
		},
		{
			"name": "glass_inner",
			"from": [15, 15, 15],
			"to": [1, 1, 1],
			"color": 3,
			"faces": {
				"north": {"uv": [0, 0, 0, 0], "texture": "#missing"},
				"east": {"uv": [0, 0, 0, 0], "texture": "#missing"},
				"south": {"uv": [0, 0, 0, 0], "texture": "#missing"},
				"west": {"uv": [0, 0, 0, 0], "texture": "#missing"},
				"up": {"uv": [0, 0, 0, 0], "texture": "#missing"},
				"down": {"uv": [0, 0, 0, 0], "texture": "#missing"}
			}
		},
		{
			"name": "cap",
			"from": [2, 15, 2],
			"to": [14, 16, 14],
			"color": 6,
			"faces": {
				"north": {"uv": [0, 0, 6, 0.5], "texture": "#missing"},
				"east": {"uv": [0, 0, 6, 0.5], "texture": "#missing"},
				"south": {"uv": [0, 0, 6, 0.5], "texture": "#missing"},
				"west": {"uv": [0, 0, 6, 0.5], "texture": "#missing"},
				"up": {"uv": [0, 0, 6, 6], "texture": "#missing"},
				"down": {"uv": [0, 0, 6, 6], "texture": "#missing"}
			}
		}
	],
	"groups": [
		{
			"name": "main",
			"origin": [0, 0, 0],
			"color": 0,
			"children": [0, 1, 2, 3]
		}
	]
}