{
	"credit": "Made by Azazelthedemonlord ~ https://azazelthedemonlord.newgrounds.com/ ~ ♡",
	"textures": {
		"0": "slate_noxwood_lamp",
		"particle": "slate_noxwood_lamp"
	},
	"elements": [
		{
			"name": "body",
			"from": [4, 2, 4],
			"to": [12, 13, 12],
			"rotation": {"angle": 0, "axis": "y", "origin": [8, 4.25, 8]},
			"faces": {
				"north": {"uv": [0, 3, 8, 14], "texture": "#0"},
				"east": {"uv": [0, 3, 8, 14], "texture": "#0"},
				"south": {"uv": [0, 3, 8, 14], "texture": "#0"},
				"west": {"uv": [0, 3, 8, 14], "texture": "#0"},
				"up": {"uv": [8, 0, 16, 8], "texture": "#0"},
				"down": {"uv": [8, 8, 16, 16], "texture": "#0"}
			}
		},
		{
			"name": "feet",
			"from": [4, 0, 4],
			"to": [12, 2, 12],
			"rotation": {"angle": 0, "axis": "y", "origin": [8, 4.25, 8]},
			"faces": {
				"north": {"uv": [0, 14, 8, 16], "texture": "#0"},
				"east": {"uv": [0, 14, 8, 16], "texture": "#0"},
				"south": {"uv": [0, 14, 8, 16], "texture": "#0"},
				"west": {"uv": [0, 14, 8, 16], "texture": "#0"},
				"up": {"uv": [0, 14, 8, 16], "texture": "#0"},
				"down": {"uv": [2, 15, 3, 16], "texture": "#0"}
			}
		},
		{
			"name": "feet inner",
			"from": [12, 2, 12],
			"to": [4, 0, 4],
			"rotation": {"angle": 0, "axis": "y", "origin": [8, 4.25, 8]},
			"faces": {
				"north": {"uv": [0, 16, 8, 14], "texture": "#0"},
				"east": {"uv": [0, 16, 8, 14], "texture": "#0"},
				"south": {"uv": [0, 16, 8, 14], "texture": "#0"},
				"west": {"uv": [0, 16, 8, 14], "texture": "#0"},
				"up": {"uv": [2, 15, 3, 16], "texture": "#0"},
				"down": {"uv": [2, 15, 3, 16], "texture": "#0"}
			}
		}
	],
	"groups": [
		{
			"name": "main",
			"origin": [0, 0, 0],
			"color": 0,
			"children": [0, 1, 2]
		}
	]
}