{
	"format_version": "1.12.0",
	"minecraft:geometry": [
		{
			"description": {
				"identifier": "geometry.bedrock_armor",
				"texture_width": 128,
				"texture_height": 128,
				"visible_bounds_width": 3,
				"visible_bounds_height": 3.5,
				"visible_bounds_offset": [0, 1.25, 0]
			},
			"bones": [
				{
					"name": "bipedHead",
					"pivot": [0, 24, 0]
				},
				{
					"name": "armorHead",
					"parent": "bipedHead",
					"pivot": [0, 24, 0],
					"cubes": [
						{"origin": [-4.5, 23.5, -4.5], "size": [9, 9, 9], "uv": [0, 20]},
						{"origin": [-5, 23, -5], "size": [10, 10, 10], "uv": [0, 0]}
					]
				},
				{
					"name": "bipedBody",
					"pivot": [0, 24, 0]
				},
				{
					"name": "armorBody",
					"parent": "bipedBody",
					"pivot": [0, 24, 0],
					"cubes": [
						{"origin": [-4.5, 11.5, -2.5], "size": [9, 13, 5], "uv": [31, 33]},
						{"origin": [-5, 14, -3], "size": [10, 10, 3], "uv": [36, 20]}
					]
				},
				{
					"name": "cock_bone",
					"parent": "armorBody",
					"pivot": [0, 16, -2.85],
					"cubes": [
						{"origin": [-3.5, 2, -2.85], "size": [7, 14, 0], "uv": [62, 55]}
					]
				},
				{
					"name": "cape_bone",
					"parent": "armorBody",
					"pivot": [0, 23.5, 2.9],
					"cubes": [
						{"origin": [-5.5, 0.5, 2.85], "size": [11, 23, 0], "uv": [0, 38]}
					]
				},
				{
					"name": "bipedRightArm",
					"pivot": [-4, 22, 0]
				},
				{
					"name": "armorRightArm",
					"parent": "bipedRightArm",
					"pivot": [-4.25, 22, 0],
					"cubes": [
						{"origin": [-8.5, 11.5, -2.5], "size": [5, 13, 5], "uv": [22, 51]},
						{"origin": [-10, 21, -3], "size": [6, 4, 6], "pivot": [-7, 23.5, 0], "rotation": [0, 0, -25], "uv": [57, 45]}
					]
				},
				{
					"name": "bipedLeftArm",
					"pivot": [4, 22, 0]
				},
				{
					"name": "armorLeftArm",
					"parent": "bipedLeftArm",
					"pivot": [4, 22, 0],
					"cubes": [
						{"origin": [4.25, 22, -3], "size": [6, 2, 6], "pivot": [6, 23.75, -0.5], "rotation": [0, 0, 25], "uv": [54, 12]},
						{"origin": [3.5, 11.5, -2.5], "size": [5, 13, 5], "uv": [40, 0]},
						{"origin": [4.25, 24, -2.5], "size": [5, 1, 5], "pivot": [6, 23.75, -0.5], "rotation": [0, 0, 25], "uv": [62, 20]}
					]
				},
				{
					"name": "bipedLeftLeg",
					"pivot": [-2, 12, 0]
				},
				{
					"name": "armorLeftLeg",
					"parent": "bipedLeftLeg",
					"pivot": [-2, 12, 0],
					"cubes": [
						{"origin": [-0.5, 2, -2.5], "size": [5, 10, 5], "uv": [42, 51]}
					]
				},
				{
					"name": "armorLeftBoot",
					"parent": "bipedLeftLeg",
					"pivot": [-2, 12, 0],
					"cubes": [
						{"origin": [-0.5, 0, -2.5], "size": [5, 3, 5], "uv": [60, 0]}
					]
				},
				{
					"name": "bipedRightLeg",
					"pivot": [2, 12, 0]
				},
				{
					"name": "armorRightLeg",
					"parent": "bipedRightLeg",
					"pivot": [2, 12, 0],
					"cubes": [
						{"origin": [-4.5, 2, -2.5], "size": [5, 10, 5], "uv": [59, 28]}
					]
				},
				{
					"name": "armorRightBoot",
					"parent": "bipedRightLeg",
					"pivot": [2, 12, 0],
					"cubes": [
						{"origin": [-4.5, 0, -2.5], "size": [5, 3, 5], "uv": [0, 61]}
					]
				}
			]
		}
	]
}