{
	"credit": "Made by Azazelthedemonlord ~ https://azazelthedemonlord.newgrounds.com/ ~ ♡",
	"texture_size": [32, 32],
	"elements": [
		{
			"name": "foot",
			"from": [1, 0, 1],
			"to": [15, 3, 15],
			"color": 6,
			"faces": {
				"north": {"uv": [0, 0, 14, 3], "texture": "#missing"},
				"east": {"uv": [0, 0, 14, 3], "texture": "#missing"},
				"south": {"uv": [0, 0, 14, 3], "texture": "#missing"},
				"west": {"uv": [0, 0, 14, 3], "texture": "#missing"},
				"up": {"uv": [0, 0, 14, 14], "texture": "#missing"},
				"down": {"uv": [0, 0, 14, 14], "texture": "#missing"}
			}
		},
		{
			"name": "neck",
			"from": [3, 3, 3],
			"to": [13, 6, 13],
			"color": 5,
			"faces": {
				"north": {"uv": [0, 0, 10, 3], "texture": "#missing"},
				"east": {"uv": [0, 0, 10, 3], "texture": "#missing"},
				"south": {"uv": [0, 0, 10, 3], "texture": "#missing"},
				"west": {"uv": [0, 0, 10, 3], "texture": "#missing"},
				"up": {"uv": [0, 0, 10, 10], "texture": "#missing"},
				"down": {"uv": [0, 0, 10, 10], "texture": "#missing"}
			}
		},
		{
			"name": "support",
			"from": [8, 1, -3],
			"to": [8, 13, 3],
			"color": 4,
			"faces": {
				"north": {"uv": [0, 0, 0, 12], "texture": "#missing"},
				"east": {"uv": [0, 0, 6, 12], "texture": "#missing"},
				"south": {"uv": [0, 0, 0, 12], "texture": "#missing"},
				"west": {"uv": [0, 0, 6, 12], "texture": "#missing"},
				"up": {"uv": [0, 0, 0, 6], "texture": "#missing"},
				"down": {"uv": [0, 0, 0, 6], "texture": "#missing"}
			}
		},
		{
			"name": "bowl",
			"from": [0, 6, 0],
			"to": [16, 11, 16],
			"color": 4,
			"faces": {
				"north": {"uv": [0, 0, 16, 5], "texture": "#missing"},
				"east": {"uv": [0, 0, 16, 5], "texture": "#missing"},
				"south": {"uv": [0, 0, 16, 5], "texture": "#missing"},
				"west": {"uv": [0, 0, 16, 5], "texture": "#missing"},
				"up": {"uv": [0, 0, 16, 16], "texture": "#missing"},
				"down": {"uv": [0, 0, 16, 16], "texture": "#missing"}
			}
		},
		{
			"name": "bowl inner",
			"from": [15, 11, 15],
			"to": [1, 7, 1],
			"color": 4,
			"faces": {
				"north": {"uv": [0, 0, 0, 0], "texture": "#missing"},
				"east": {"uv": [0, 0, 0, 0], "texture": "#missing"},
				"south": {"uv": [0, 0, 0, 0], "texture": "#missing"},
				"west": {"uv": [0, 0, 0, 0], "texture": "#missing"},
				"up": {"uv": [0, 0, 0, 0], "texture": "#missing"},
				"down": {"uv": [0, 0, 0, 0], "texture": "#missing"}
			}
		}
	]
}