{
	"credit": "Made by Azazelthedemonlord ~ https://azazelthedemonlord.newgrounds.com/ ~ ♡",
	"texture_size": [64, 64],
	"textures": {
		"0": "pedestal",
		"particle": "pedestal"
	},
	"elements": [
		{
			"name": "foot",
			"from": [3, 0, 3],
			"to": [13, 3, 13],
			"faces": {
				"north": {"uv": [8.25, 4, 10.75, 4.75], "texture": "#0"},
				"east": {"uv": [8.25, 4, 10.75, 4.75], "texture": "#0"},
				"south": {"uv": [8.25, 4, 10.75, 4.75], "texture": "#0"},
				"west": {"uv": [8.25, 4, 10.75, 4.75], "texture": "#0"},
				"up": {"uv": [8.25, 4.75, 10.75, 7.25], "texture": "#0"},
				"down": {"uv": [8.25, 8, 10.75, 10.5], "texture": "#0"}
			}
		},
		{
			"name": "neck",
			"from": [5, 2, 5],
			"to": [11, 12, 11],
			"faces": {
				"north": {"uv": [8.5, 0, 10, 2.5], "texture": "#0"},
				"east": {"uv": [8.5, 0, 10, 2.5], "texture": "#0"},
				"south": {"uv": [8.5, 0, 10, 2.5], "texture": "#0"},
				"west": {"uv": [8.5, 0, 10, 2.5], "texture": "#0"},
				"up": {"uv": [8.5, 0, 10, 2.5], "texture": "#0"},
				"down": {"uv": [8.5, 0, 10, 2.5], "texture": "#0"}
			}
		},
		{
			"name": "cloth",
			"from": [0, 0, 0],
			"to": [16, 16, 16],
			"faces": {
				"north": {"uv": [4, 4, 8, 8], "texture": "#0"},
				"east": {"uv": [4, 8, 8, 12], "texture": "#0"},
				"south": {"uv": [4, 4, 8, 8], "texture": "#0"},
				"west": {"uv": [4, 8, 8, 12], "texture": "#0"},
				"up": {"uv": [4, 0, 8, 4], "texture": "#0"},
				"down": {"uv": [0, 15.5, 0.5, 16], "texture": "#0"}
			}
		},
		{
			"name": "back_cloth",
			"from": [16, 12, 16],
			"to": [0, 0, 0],
			"faces": {
				"north": {"uv": [0, 7, 4, 4], "texture": "#0"},
				"east": {"uv": [0, 11, 4, 8], "texture": "#0"},
				"south": {"uv": [0, 7, 4, 4], "texture": "#0"},
				"west": {"uv": [0, 11, 4, 8], "texture": "#0"},
				"up": {"uv": [0, 15.5, 0.5, 16], "texture": "#0"},
				"down": {"uv": [0, 15.5, 0.5, 16], "texture": "#0"}
			}
		},
		{
			"name": "bottom",
			"from": [0, 12, 0],
			"to": [16, 12, 16],
			"faces": {
				"north": {"uv": [0, 0, 4, 4], "texture": "#0"},
				"east": {"uv": [0, 0, 4, 4], "texture": "#0"},
				"south": {"uv": [0, 0, 4, 4], "texture": "#0"},
				"west": {"uv": [0, 0, 4, 4], "texture": "#0"},
				"up": {"uv": [0, 0, 4, 4], "texture": "#0"},
				"down": {"uv": [0, 0, 4, 4], "texture": "#0"}
			}
		}
	],
	"display": {
		"thirdperson_righthand": {
			"rotation": [75, 45, 0],
			"translation": [0, 2.5, 0],
			"scale": [0.375, 0.375, 0.375]
		},
		"thirdperson_lefthand": {
			"rotation": [75, 45, 0],
			"translation": [0, 2.5, 0],
			"scale": [0.375, 0.375, 0.375]
		},
		"firstperson_righthand": {
			"rotation": [0, 45, 0],
			"scale": [0.4, 0.4, 0.4]
		},
		"firstperson_lefthand": {
			"rotation": [0, 225, 0],
			"scale": [0.4, 0.4, 0.4]
		},
		"ground": {
			"translation": [0, 3, 0],
			"scale": [0.25, 0.25, 0.25]
		},
		"gui": {
			"rotation": [30, 225, 0],
			"scale": [0.625, 0.625, 0.625]
		},
		"fixed": {
			"scale": [0.5, 0.5, 0.5]
		}
	}
}