{
	"credit": "Made by Azazelthedemonlord ~ https://azazelthedemonlord.newgrounds.com/ ~ ♡",
	"texture_size": [32, 32],
	"textures": {
		"0": "machines/crystallarieum",
		"particle": "machines/crystallarieum"
	},
	"elements": [
		{
			"name": "foundation",
			"from": [0, 0, 0],
			"to": [16, 1, 16],
			"faces": {
				"north": {"uv": [0, 7.5, 8, 8], "texture": "#0"},
				"east": {"uv": [0, 7.5, 8, 8], "texture": "#0"},
				"south": {"uv": [0, 7.5, 8, 8], "texture": "#0"},
				"west": {"uv": [0, 7.5, 8, 8], "texture": "#0"},
				"up": {"uv": [0, 8, 8, 16], "texture": "#0"},
				"down": {"uv": [0, 8, 8, 16], "texture": "#0"}
			}
		},
		{
			"name": "body",
			"from": [1, 1, 1],
			"to": [15, 14, 15],
			"faces": {
				"north": {"uv": [0.5, 1, 7.5, 7.5], "texture": "#0"},
				"east": {"uv": [0.5, 1, 7.5, 7.5], "texture": "#0"},
				"south": {"uv": [0.5, 1, 7.5, 7.5], "texture": "#0"},
				"west": {"uv": [0.5, 1, 7.5, 7.5], "texture": "#0"},
				"up": {"uv": [0, 0, 7, 7], "texture": "#missing"},
				"down": {"uv": [0, 0, 7, 7], "texture": "#missing"}
			}
		},
		{
			"name": "shell",
			"from": [0, 2, 0],
			"to": [16, 12, 16],
			"faces": {
				"north": {"uv": [0, 2, 8, 7], "texture": "#0"},
				"east": {"uv": [0, 2, 8, 7], "texture": "#0"},
				"south": {"uv": [0, 2, 8, 7], "texture": "#0"},
				"west": {"uv": [0, 2, 8, 7], "texture": "#0"},
				"up": {"uv": [8, 0, 16, 8], "texture": "#0"},
				"down": {"uv": [0, 8, 8, 16], "texture": "#0"}
			}
		},
		{
			"name": "basin outside",
			"from": [0, 14, 0],
			"to": [16, 16, 16],
			"faces": {
				"north": {"uv": [0, 0, 8, 1], "texture": "#0"},
				"east": {"uv": [0, 0, 8, 1], "texture": "#0"},
				"south": {"uv": [0, 0, 8, 1], "texture": "#0"},
				"west": {"uv": [0, 0, 8, 1], "texture": "#0"},
				"up": {"uv": [8, 0, 16, 8], "texture": "#0"},
				"down": {"uv": [8, 8, 16, 16], "texture": "#0"}
			}
		},
		{
			"name": "basin inside",
			"from": [15, 16, 15],
			"to": [1, 15, 1],
			"faces": {
				"north": {"uv": [8.5, 8.5, 15.5, 9], "texture": "#0"},
				"east": {"uv": [8.5, 8.5, 15.5, 9], "texture": "#0"},
				"south": {"uv": [8.5, 8.5, 15.5, 9], "texture": "#0"},
				"west": {"uv": [8.5, 8.5, 15.5, 9], "texture": "#0"},
				"up": {"uv": [8.5, 8.5, 15.5, 15.5], "texture": "#0"},
				"down": {"uv": [8.5, 8.5, 15.5, 15.5], "texture": "#0"}
			}
		}
	],
	"display": {
		"thirdperson_righthand": {
			"rotation": [75, 45, 0],
			"translation": [0, 2.5, 0],
			"scale": [0.375, 0.375, 0.375]
		},
		"thirdperson_lefthand": {
			"rotation": [75, 45, 0],
			"translation": [0, 2.5, 0],
			"scale": [0.375, 0.375, 0.375]
		},
		"firstperson_righthand": {
			"rotation": [0, 45, 0],
			"scale": [0.4, 0.4, 0.4]
		},
		"firstperson_lefthand": {
			"rotation": [0, 225, 0],
			"scale": [0.4, 0.4, 0.4]
		},
		"ground": {
			"translation": [0, 3, 0],
			"scale": [0.25, 0.25, 0.25]
		},
		"gui": {
			"rotation": [30, 225, 0],
			"scale": [0.625, 0.625, 0.625]
		},
		"fixed": {
			"scale": [0.5, 0.5, 0.5]
		}
	},
	"groups": [
		{
			"name": "body",
			"origin": [0, 0, 0],
			"color": 0,
			"children": [
				0,
				1,
				2,
				{
					"name": "group",
					"origin": [0, 0, 0],
					"color": 0,
					"children": []
				},
				3,
				4
			]
		}
	]
}