{
	"credit": "Made by Azazelthedemonlord ~ https://azazelthedemonlord.newgrounds.com/ ~ ♡",
	"texture_size": [64, 64],
	"textures": {
		"0": "enchanter",
		"particle": "enchanter"
	},
	"elements": [
		{
			"name": "foot",
			"from": [0, 0, 0],
			"to": [16, 3, 16],
			"faces": {
				"north": {"uv": [0, 3.25, 4, 4], "texture": "#0"},
				"east": {"uv": [0, 3.25, 4, 4], "texture": "#0"},
				"south": {"uv": [0, 3.25, 4, 4], "texture": "#0"},
				"west": {"uv": [0, 3.25, 4, 4], "texture": "#0"},
				"up": {"uv": [8, 0, 12, 4], "texture": "#0"},
				"down": {"uv": [8, 0, 12, 4], "texture": "#0"}
			}
		},
		{
			"name": "neck",
			"from": [1, 3, 1],
			"to": [15, 12, 15],
			"faces": {
				"north": {"uv": [4.25, 1, 7.75, 3.25], "texture": "#0"},
				"east": {"uv": [4.25, 1, 7.75, 3.25], "texture": "#0"},
				"south": {"uv": [4.25, 1, 7.75, 3.25], "texture": "#0"},
				"west": {"uv": [4.25, 1, 7.75, 3.25], "texture": "#0"},
				"up": {"uv": [4.25, 1, 7.75, 3.25], "texture": "#0"},
				"down": {"uv": [4.25, 1, 7.75, 3.25], "texture": "#0"}
			}
		},
		{
			"name": "head",
			"from": [0, 12, 0],
			"to": [16, 15, 16],
			"faces": {
				"north": {"uv": [0, 0, 4, 0.75], "texture": "#0"},
				"east": {"uv": [0, 0, 4, 0.75], "texture": "#0"},
				"south": {"uv": [0, 0, 4, 0.75], "texture": "#0"},
				"west": {"uv": [0, 0, 4, 0.75], "texture": "#0"},
				"up": {"uv": [0, 4, 4, 8], "texture": "#0"},
				"down": {"uv": [8, 0, 12, 4], "texture": "#0"}
			}
		},
		{
			"name": "cloth",
			"from": [0, 3, 0],
			"to": [16, 12, 16],
			"faces": {
				"north": {"uv": [0, 1, 4, 3.25], "texture": "#0"},
				"east": {"uv": [0, 1, 4, 3.25], "texture": "#0"},
				"south": {"uv": [0, 1, 4, 3.25], "texture": "#0"},
				"west": {"uv": [0, 1, 4, 3.25], "texture": "#0"},
				"up": {"uv": [0, 1, 4, 3.25], "texture": "#0"},
				"down": {"uv": [0, 1, 4, 3.25], "texture": "#0"}
			}
		},
		{
			"name": "neck",
			"from": [1, 3, 1],
			"to": [15, 12, 15],
			"faces": {
				"north": {"uv": [4.25, 1, 7.75, 3.25], "texture": "#0"},
				"east": {"uv": [4.25, 1, 7.75, 3.25], "texture": "#0"},
				"south": {"uv": [4.25, 1, 7.75, 3.25], "texture": "#0"},
				"west": {"uv": [4.25, 1, 7.75, 3.25], "texture": "#0"},
				"up": {"uv": [0, 15.5, 0.5, 16], "texture": "#0"},
				"down": {"uv": [0, 15.5, 0.5, 16], "texture": "#0"}
			}
		},
		{
			"name": "cloth_inverse",
			"from": [16, 12, 16],
			"to": [0, 3, 0],
			"faces": {
				"north": {"uv": [0, 1, 4, 3.25], "texture": "#0"},
				"east": {"uv": [0, 1, 4, 3.25], "texture": "#0"},
				"south": {"uv": [0, 1, 4, 3.25], "texture": "#0"},
				"west": {"uv": [0, 1, 4, 3.25], "texture": "#0"},
				"up": {"uv": [0, 15.5, 0.5, 16], "texture": "#0"},
				"down": {"uv": [0, 15.5, 0.5, 16], "texture": "#0"}
			}
		},
		{
			"name": "floor",
			"from": [-9, 0.01, -9],
			"to": [25, 0.01, 25],
			"faces": {
				"north": {"uv": [5.75, 5.75, 14.25, 14.25], "texture": "#0"},
				"east": {"uv": [5.75, 5.75, 14.25, 14.25], "texture": "#0"},
				"south": {"uv": [5.75, 5.75, 14.25, 14.25], "texture": "#0"},
				"west": {"uv": [5.75, 5.75, 14.25, 14.25], "texture": "#0"},
				"up": {"uv": [5.75, 5.75, 14.25, 14.25], "texture": "#0"},
				"down": {"uv": [5.75, 5.75, 14.25, 14.25], "texture": "#0"}
			}
		}
	],
	"display": {
		"thirdperson_righthand": {
			"rotation": [75, 45, 0],
			"translation": [0, 2.5, 0],
			"scale": [0.375, 0.375, 0.375]
		},
		"thirdperson_lefthand": {
			"rotation": [75, 45, 0],
			"translation": [0, 2.5, 0],
			"scale": [0.375, 0.375, 0.375]
		},
		"firstperson_righthand": {
			"rotation": [0, 45, 0],
			"scale": [0.4, 0.4, 0.4]
		},
		"firstperson_lefthand": {
			"rotation": [0, 225, 0],
			"scale": [0.4, 0.4, 0.4]
		},
		"ground": {
			"translation": [0, 3, 0],
			"scale": [0.25, 0.25, 0.25]
		},
		"gui": {
			"rotation": [30, 225, 0],
			"scale": [0.625, 0.625, 0.625]
		},
		"fixed": {
			"scale": [0.5, 0.5, 0.5]
		}
	},
	"groups": [
		0,
		1,
		2,
		{
			"name": "cloth",
			"origin": [8, 8, 8],
			"color": 0,
			"children": [3, 4, 5]
		},
		6
	]
}