{
	"credit": "Made by Azazelthedemonlord ~ https://azazelthedemonlord.newgrounds.com/ ~ ♡",
	"texture_size": [32, 32],
	"textures": {
		"0": "jadeite_lotus_flower_base",
		"1": "jadeite_lotus_flower_lower_petals",
		"2": "jadeite_lotus_flower_upper_petals",
		"particle": "jadeite_lotus_flower_base"
	},
	"elements": [
		{
			"name": "base",
			"from": [-5, 0.1, -5],
			"to": [21, 0.1, 21],
			"rotation": {"angle": 0, "axis": "y", "origin": [0, 16, 0]},
			"faces": {
				"north": {"uv": [0, 13, 13, 0], "texture": "#0"},
				"east": {"uv": [0, 13, 13, 0], "texture": "#0"},
				"south": {"uv": [0, 13, 13, 0], "texture": "#0"},
				"west": {"uv": [0, 13, 13, 0], "texture": "#0"},
				"up": {"uv": [0, 13, 13, 0], "texture": "#0"},
				"down": {"uv": [0, 13, 13, 0], "texture": "#0"}
			}
		},
		{
			"name": "lower petals",
			"from": [-8, -0.68913, -15.117],
			"to": [24, -0.68913, 6.883],
			"rotation": {"angle": 22.5, "axis": "x", "origin": [8, 0, 8.1]},
			"faces": {
				"north": {"uv": [0, 4, 16, 16], "texture": "#1"},
				"east": {"uv": [0, 4, 16, 16], "texture": "#1"},
				"south": {"uv": [0, 4, 16, 16], "texture": "#1"},
				"west": {"uv": [0, 4, 16, 16], "texture": "#1"},
				"up": {"uv": [0, 5, 16, 16], "texture": "#1"},
				"down": {"uv": [16, 16, 0, 5], "texture": "#1"}
			}
		},
		{
			"name": "lower petals",
			"from": [9.217, -0.68913, -7.9],
			"to": [31.217, -0.68913, 24.1],
			"rotation": {"angle": 22.5, "axis": "z", "origin": [8, 0, 8.1]},
			"faces": {
				"north": {"uv": [0, 4, 16, 16], "texture": "#1"},
				"east": {"uv": [0, 4, 16, 16], "texture": "#1"},
				"south": {"uv": [0, 4, 16, 16], "texture": "#1"},
				"west": {"uv": [0, 4, 16, 16], "texture": "#1"},
				"up": {"uv": [16, 16, 0, 5], "rotation": 270, "texture": "#1"},
				"down": {"uv": [16, 5, 0, 16], "rotation": 90, "texture": "#1"}
			}
		},
		{
			"name": "lower petals",
			"from": [-8, -0.68913, 9.317],
			"to": [24, -0.68913, 31.317],
			"rotation": {"angle": -22.5, "axis": "x", "origin": [8, 0, 8.1]},
			"faces": {
				"north": {"uv": [0, 4, 16, 16], "texture": "#1"},
				"east": {"uv": [0, 4, 16, 16], "texture": "#1"},
				"south": {"uv": [0, 4, 16, 16], "texture": "#1"},
				"west": {"uv": [0, 4, 16, 16], "texture": "#1"},
				"up": {"uv": [0, 5, 16, 16], "rotation": 180, "texture": "#1"},
				"down": {"uv": [0, 16, 16, 5], "rotation": 180, "texture": "#1"}
			}
		},
		{
			"name": "lower petals",
			"from": [-15.217, -0.68913, -7.9],
			"to": [6.783, -0.68913, 24.1],
			"rotation": {"angle": -22.5, "axis": "z", "origin": [8, 0, 8.1]},
			"faces": {
				"north": {"uv": [0, 4, 16, 16], "texture": "#1"},
				"east": {"uv": [0, 4, 16, 16], "texture": "#1"},
				"south": {"uv": [0, 4, 16, 16], "texture": "#1"},
				"west": {"uv": [0, 4, 16, 16], "texture": "#1"},
				"up": {"uv": [16, 16, 0, 5], "rotation": 90, "texture": "#1"},
				"down": {"uv": [16, 5, 0, 16], "rotation": 270, "texture": "#1"}
			}
		},
		{
			"name": "upper petals",
			"from": [-5, -1.0533, -10.4528],
			"to": [21, -1.0533, 8.5472],
			"rotation": {"angle": 45, "axis": "x", "origin": [8, 0, 8]},
			"faces": {
				"north": {"uv": [1.5, 6.5, 14.5, 16], "texture": "#2"},
				"east": {"uv": [1.5, 6.5, 14.5, 16], "texture": "#2"},
				"south": {"uv": [1.5, 6.5, 14.5, 16], "texture": "#2"},
				"west": {"uv": [1.5, 6.5, 14.5, 16], "texture": "#2"},
				"up": {"uv": [1.5, 6.5, 14.5, 16], "texture": "#2"},
				"down": {"uv": [1.5, 16, 14.5, 6.5], "texture": "#2"}
			}
		},
		{
			"name": "upper petals",
			"from": [7.4528, -1.0533, -5],
			"to": [26.4528, -1.0533, 21],
			"rotation": {"angle": 45, "axis": "z", "origin": [8, 0, 8]},
			"faces": {
				"north": {"uv": [1.5, 6.5, 14.5, 16], "texture": "#2"},
				"east": {"uv": [1.5, 6.5, 14.5, 16], "texture": "#2"},
				"south": {"uv": [1.5, 6.5, 14.5, 16], "texture": "#2"},
				"west": {"uv": [1.5, 6.5, 14.5, 16], "texture": "#2"},
				"up": {"uv": [14.5, 16, 1.5, 6.5], "rotation": 270, "texture": "#2"},
				"down": {"uv": [14.5, 6.5, 1.5, 16], "rotation": 90, "texture": "#2"}
			}
		},
		{
			"name": "upper petals",
			"from": [-5, -1.0533, 7.4528],
			"to": [21, -1.0533, 26.4528],
			"rotation": {"angle": -45, "axis": "x", "origin": [8, 0, 8]},
			"faces": {
				"north": {"uv": [1.5, 6.5, 14.5, 16], "texture": "#2"},
				"east": {"uv": [1.5, 6.5, 14.5, 16], "texture": "#2"},
				"south": {"uv": [1.5, 6.5, 14.5, 16], "texture": "#2"},
				"west": {"uv": [1.5, 6.5, 14.5, 16], "texture": "#2"},
				"up": {"uv": [1.5, 6.5, 14.5, 16], "rotation": 180, "texture": "#2"},
				"down": {"uv": [1.5, 16, 14.5, 6.5], "rotation": 180, "texture": "#2"}
			}
		},
		{
			"name": "upper petals",
			"from": [-10.4528, -1.0533, -5],
			"to": [8.5472, -1.0533, 21],
			"rotation": {"angle": -45, "axis": "z", "origin": [8, 0, 8]},
			"faces": {
				"north": {"uv": [1.5, 6.5, 14.5, 16], "texture": "#2"},
				"east": {"uv": [1.5, 6.5, 14.5, 16], "texture": "#2"},
				"south": {"uv": [1.5, 6.5, 14.5, 16], "texture": "#2"},
				"west": {"uv": [1.5, 6.5, 14.5, 16], "texture": "#2"},
				"up": {"uv": [14.5, 16, 1.5, 6.5], "rotation": 90, "texture": "#2"},
				"down": {"uv": [14.5, 6.5, 1.5, 16], "rotation": 270, "texture": "#2"}
			}
		},
		{
			"name": "upper petals",
			"from": [-5, -0.0467, -10.4528],
			"to": [21, -0.0467, 8.5472],
			"rotation": {"angle": -22.5, "axis": "x", "origin": [8, -1.1, 8]},
			"faces": {
				"north": {"uv": [1.5, 16, 14.5, 6.5], "texture": "#2"},
				"east": {"uv": [1.5, 16, 14.5, 6.5], "texture": "#2"},
				"south": {"uv": [1.5, 16, 14.5, 6.5], "texture": "#2"},
				"west": {"uv": [1.5, 16, 14.5, 6.5], "texture": "#2"},
				"up": {"uv": [1.5, 6.5, 14.5, 16], "texture": "#2"},
				"down": {"uv": [1.5, 16, 14.5, 6.5], "texture": "#2"}
			}
		},
		{
			"name": "upper petals",
			"from": [7.4528, -0.0467, -5],
			"to": [26.4528, -0.0467, 21],
			"rotation": {"angle": -22.5, "axis": "z", "origin": [8, -1.1, 8]},
			"faces": {
				"north": {"uv": [1.5, 16, 14.5, 6.5], "texture": "#2"},
				"east": {"uv": [1.5, 16, 14.5, 6.5], "texture": "#2"},
				"south": {"uv": [1.5, 16, 14.5, 6.5], "texture": "#2"},
				"west": {"uv": [1.5, 16, 14.5, 6.5], "texture": "#2"},
				"up": {"uv": [1.5, 6.5, 14.5, 16], "rotation": 90, "texture": "#2"},
				"down": {"uv": [1.5, 16, 14.5, 6.5], "rotation": 270, "texture": "#2"}
			}
		},
		{
			"name": "upper petals",
			"from": [-5, -0.0467, 7.4528],
			"to": [21, -0.0467, 26.4528],
			"rotation": {"angle": 22.5, "axis": "x", "origin": [8, -1.1, 8]},
			"faces": {
				"north": {"uv": [1.5, 16, 14.5, 6.5], "texture": "#2"},
				"east": {"uv": [1.5, 16, 14.5, 6.5], "texture": "#2"},
				"south": {"uv": [1.5, 16, 14.5, 6.5], "texture": "#2"},
				"west": {"uv": [1.5, 16, 14.5, 6.5], "texture": "#2"},
				"up": {"uv": [1.5, 6.5, 14.5, 16], "rotation": 180, "texture": "#2"},
				"down": {"uv": [1.5, 16, 14.5, 6.5], "rotation": 180, "texture": "#2"}
			}
		},
		{
			"name": "upper petals",
			"from": [-10.4528, -0.0467, -5],
			"to": [8.5472, -0.0467, 21],
			"rotation": {"angle": 22.5, "axis": "z", "origin": [8, -1.1, 8]},
			"faces": {
				"north": {"uv": [1.5, 16, 14.5, 6.5], "texture": "#2"},
				"east": {"uv": [1.5, 16, 14.5, 6.5], "texture": "#2"},
				"south": {"uv": [1.5, 16, 14.5, 6.5], "texture": "#2"},
				"west": {"uv": [1.5, 16, 14.5, 6.5], "texture": "#2"},
				"up": {"uv": [1.5, 6.5, 14.5, 16], "rotation": 270, "texture": "#2"},
				"down": {"uv": [1.5, 16, 14.5, 6.5], "rotation": 90, "texture": "#2"}
			}
		}
	],
	"display": {
		"thirdperson_righthand": {
			"rotation": [75, 45, 0],
			"translation": [0, 2.5, 0],
			"scale": [0.375, 0.375, 0.375]
		},
		"thirdperson_lefthand": {
			"rotation": [75, 45, 0],
			"translation": [0, 2.5, 0],
			"scale": [0.375, 0.375, 0.375]
		},
		"firstperson_righthand": {
			"rotation": [0, 45, 0],
			"scale": [0.4, 0.4, 0.4]
		},
		"firstperson_lefthand": {
			"rotation": [0, 225, 0],
			"scale": [0.4, 0.4, 0.4]
		},
		"ground": {
			"translation": [0, 4, 0],
			"scale": [0.5, 0.5, 0.5]
		},
		"gui": {
			"rotation": [31, 225, 0],
			"translation": [0, 1.25, 0],
			"scale": [0.44, 0.44, 0.44]
		},
		"fixed": {
			"rotation": [-90, 225, 0],
			"translation": [0, 0.5, -9.75]
		}
	},
	"groups": [
		0,
		{
			"name": "lower petals",
			"origin": [0, 0, 0],
			"color": 0,
			"children": [1, 2, 3, 4]
		},
		{
			"name": "upper petals",
			"origin": [8, 8, 8],
			"color": 0,
			"children": [5, 6, 7, 8]
		},
		{
			"name": "under petals",
			"origin": [8, 8, 8],
			"color": 0,
			"children": [9, 10, 11, 12]
		}
	]
}