{
	"credit": "Made by Azazelthedemonlord ~ https://azazelthedemonlord.newgrounds.com/ ~ ♡",
	"textures": {
		"0": "nephrite_blossom_base_base",
		"1": "nephrite_blossom_base_lower_fronds",
		"2": "nephrite_blossom_base_upper_fronds",
		"particle": "nephrite_blossom_base_base"
	},
	"elements": [
		{
			"name": "base",
			"from": [0, 0.25, 0],
			"to": [16, 0.25, 16],
			"faces": {
				"north": {"uv": [0, 0, 16, 16], "texture": "#0"},
				"east": {"uv": [0, 0, 16, 16], "texture": "#0"},
				"south": {"uv": [0, 0, 16, 16], "texture": "#0"},
				"west": {"uv": [0, 0, 16, 16], "texture": "#0"},
				"up": {"uv": [0, 0, 16, 16], "texture": "#0"},
				"down": {"uv": [0, 0, 16, 16], "texture": "#0"}
			}
		},
		{
			"name": "lower fronds",
			"from": [0, -2.06147, -6.39104],
			"to": [16, -2.06147, 3.60896],
			"rotation": {"angle": 22.5, "axis": "x", "origin": [8, 1, 8]},
			"faces": {
				"north": {"uv": [0, 6, 16, 16], "texture": "#1"},
				"east": {"uv": [0, 6, 16, 16], "texture": "#1"},
				"south": {"uv": [0, 6, 16, 16], "texture": "#1"},
				"west": {"uv": [0, 6, 16, 16], "texture": "#1"},
				"up": {"uv": [0, 6, 16, 16], "texture": "#1"},
				"down": {"uv": [0, 6, 16, 16], "rotation": 180, "texture": "#1"}
			}
		},
		{
			"name": "lower fronds",
			"from": [12.39104, -2.06147, 0],
			"to": [22.39104, -2.06147, 16],
			"rotation": {"angle": 22.5, "axis": "z", "origin": [8, 1, 8]},
			"faces": {
				"north": {"uv": [0, 6, 16, 16], "texture": "#1"},
				"east": {"uv": [0, 6, 16, 16], "texture": "#1"},
				"south": {"uv": [0, 6, 16, 16], "texture": "#1"},
				"west": {"uv": [0, 6, 16, 16], "texture": "#1"},
				"up": {"uv": [0, 6, 16, 16], "rotation": 90, "texture": "#1"},
				"down": {"uv": [0, 6, 16, 16], "rotation": 90, "texture": "#1"}
			}
		},
		{
			"name": "lower fronds",
			"from": [0, -2.06147, 12.39104],
			"to": [16, -2.06147, 22.39104],
			"rotation": {"angle": -22.5, "axis": "x", "origin": [8, 1, 8]},
			"faces": {
				"north": {"uv": [0, 6, 16, 16], "texture": "#1"},
				"east": {"uv": [0, 6, 16, 16], "texture": "#1"},
				"south": {"uv": [0, 6, 16, 16], "texture": "#1"},
				"west": {"uv": [0, 6, 16, 16], "texture": "#1"},
				"up": {"uv": [0, 6, 16, 16], "rotation": 180, "texture": "#1"},
				"down": {"uv": [0, 6, 16, 16], "texture": "#1"}
			}
		},
		{
			"name": "lower fronds",
			"from": [-6.39104, -2.06147, 0],
			"to": [3.60896, -2.06147, 16],
			"rotation": {"angle": -22.5, "axis": "z", "origin": [8, 1, 8]},
			"faces": {
				"north": {"uv": [0, 6, 16, 16], "texture": "#1"},
				"east": {"uv": [0, 6, 16, 16], "texture": "#1"},
				"south": {"uv": [0, 6, 16, 16], "texture": "#1"},
				"west": {"uv": [0, 6, 16, 16], "texture": "#1"},
				"up": {"uv": [0, 6, 16, 16], "rotation": 270, "texture": "#1"},
				"down": {"uv": [0, 6, 16, 16], "rotation": 270, "texture": "#1"}
			}
		},
		{
			"name": "upper fronds",
			"from": [0, 3.21751, 5.64645],
			"to": [16, 14.21751, 5.64645],
			"rotation": {"angle": -45, "axis": "x", "origin": [8, 0, 8]},
			"faces": {
				"north": {"uv": [0, 5, 16, 16], "texture": "#2"},
				"east": {"uv": [0, 5, 16, 16], "texture": "#2"},
				"south": {"uv": [0, 5, 16, 16], "texture": "#2"},
				"west": {"uv": [0, 5, 16, 16], "texture": "#2"},
				"up": {"uv": [0, 5, 16, 16], "texture": "#2"},
				"down": {"uv": [0, 5, 16, 16], "texture": "#2"}
			}
		},
		{
			"name": "upper fronds",
			"from": [10.35355, 3.21751, 0],
			"to": [10.35355, 14.21751, 16],
			"rotation": {"angle": -45, "axis": "z", "origin": [8, 0, 8]},
			"faces": {
				"north": {"uv": [0, 5, 16, 16], "texture": "#2"},
				"east": {"uv": [0, 5, 16, 16], "texture": "#2"},
				"south": {"uv": [0, 5, 16, 16], "texture": "#2"},
				"west": {"uv": [0, 5, 16, 16], "texture": "#2"},
				"up": {"uv": [0, 5, 16, 16], "rotation": 90, "texture": "#2"},
				"down": {"uv": [0, 5, 16, 16], "rotation": 270, "texture": "#2"}
			}
		},
		{
			"name": "upper fronds",
			"from": [0, 3.21751, 10.35355],
			"to": [16, 14.21751, 10.35355],
			"rotation": {"angle": 45, "axis": "x", "origin": [8, 0, 8]},
			"faces": {
				"north": {"uv": [0, 5, 16, 16], "texture": "#2"},
				"east": {"uv": [0, 5, 16, 16], "texture": "#2"},
				"south": {"uv": [0, 5, 16, 16], "texture": "#2"},
				"west": {"uv": [0, 5, 16, 16], "texture": "#2"},
				"up": {"uv": [0, 5, 16, 16], "rotation": 180, "texture": "#2"},
				"down": {"uv": [0, 5, 16, 16], "rotation": 180, "texture": "#2"}
			}
		},
		{
			"name": "upper fronds",
			"from": [5.64645, 3.21751, 0],
			"to": [5.64645, 14.21751, 16],
			"rotation": {"angle": 45, "axis": "z", "origin": [8, 0, 8]},
			"faces": {
				"north": {"uv": [0, 5, 16, 16], "texture": "#2"},
				"east": {"uv": [0, 5, 16, 16], "texture": "#2"},
				"south": {"uv": [0, 5, 16, 16], "texture": "#2"},
				"west": {"uv": [0, 5, 16, 16], "texture": "#2"},
				"up": {"uv": [0, 5, 16, 16], "rotation": 270, "texture": "#2"},
				"down": {"uv": [0, 5, 16, 16], "rotation": 90, "texture": "#2"}
			}
		}
	],
	"groups": [
		0,
		{
			"name": "lower fronds",
			"origin": [0, 0, 0],
			"color": 0,
			"children": [1, 2, 3, 4]
		},
		{
			"name": "upper fronds",
			"origin": [8, 4.5, 3],
			"color": 0,
			"children": [5, 6, 7, 8]
		}
	]
}